{"cameraMode":{"drawMode":0,"name":"Shaded","section":"Shading Mode"},"sceneLighting":true,"audioPlay":false,"sceneViewState":{"showFog":true,"showMaterialUpdate":true,"showSkybox":true,"showFlares":true,"showImageEffects":true,"showParticleSystems":true},"in2DMode":false,"pivot":{"x":0.30829909443855288,"y":-3.235464096069336,"z":0.9721831679344177},"rotation":{"x":0.309102863073349,"y":-0.6365530490875244,"z":0.3098495602607727,"w":0.6350224018096924},"size":9.274203300476075,"orthographic":false}