{"cameraMode":{"drawMode":0,"name":"Shaded","section":"Shading Mode"},"sceneLighting":true,"audioPlay":false,"sceneViewState":{"showFog":true,"showMaterialUpdate":true,"showSkybox":true,"showFlares":true,"showImageEffects":true,"showParticleSystems":true},"in2DMode":false,"pivot":{"x":-11.921117782592774,"y":-0.711977481842041,"z":6.345007419586182},"rotation":{"x":0.3349418640136719,"y":0.32894232869148257,"z":-0.12607316672801972,"w":0.8739089369773865},"size":4.605227470397949,"orthographic":false}