{"cameraMode":{"drawMode":0,"name":"Shaded","section":"Shading Mode"},"sceneLighting":true,"audioPlay":false,"sceneViewState":{"showFog":true,"showMaterialUpdate":true,"showSkybox":true,"showFlares":true,"showImageEffects":true,"showParticleSystems":true},"in2DMode":false,"pivot":{"x":-2.689493179321289,"y":3.4674439430236818,"z":2.3333487510681154},"rotation":{"x":0.06559162586927414,"y":-0.925147294998169,"z":0.3234127461910248,"w":0.18762969970703126},"size":4.605227470397949,"orthographic":false}