{"cameraMode":{"drawMode":0,"name":"Shaded","section":"Shading Mode"},"sceneLighting":true,"audioPlay":false,"sceneViewState":{"showFog":true,"showMaterialUpdate":true,"showSkybox":true,"showFlares":true,"showImageEffects":true,"showParticleSystems":true},"in2DMode":false,"pivot":{"x":-3.6491947174072267,"y":-1.8282873630523682,"z":-3.2279837131500246},"rotation":{"x":0.11160503327846527,"y":-0.8099656105041504,"z":0.16376641392707826,"w":0.5519824624061585},"size":9.274203300476075,"orthographic":false}